{"max": [-8.72181, 28.0142, 9.14034], "centroid": [-17.862144679925375, 16.17334632691114, 9.93611656594298e-18], "id": "c3277019e57251cfb784faac204319d9", "numVertices": 1609, "min": [-27.0025, 3.87309, -9.14034]}
