{"max": [0.0, 0.065, 0.0], "centroid": [-0.06000000000000012, 0.03951273347547951, -0.060000000000000143], "id": "c0f57c7f98d2581c744a455c7eef0ae5", "numVertices": 938, "min": [-0.12, 0.0, -0.12]}
