{"max": [3.73703, 2.17847, 0.259997], "centroid": [3.159271918194648, 1.4532134048895209, -0.41154895370004707], "id": "5cb41c58e0bb0b44deceaec2593e1649", "numVertices": 2127, "min": [2.48608, 0.0, -0.990953]}
